,Pre_acc,Post_acc,Back_loss
0,0.20000000298023224,0.4200000107288361,1.585388059152086
1,0.17200000256299972,0.2760000053048134,1.5640596430064813
