,Pre_acc,Post_acc,Back_loss
0,0.20000000298023224,0.3280000060796738,1.5803720931949687
1,0.1880000028014183,0.2760000053048134,1.6049048990436297
